run_id,plan_hash,processed_ids,subject,profile,synthesis_en,synthesis_kor,linkedin_en,linkedin_kor,x_en,x_kor,facebook_en,facebook_kor,threads_en,threads_kor
"1","1-Analysis of: Blood tests are now approved for Alzheimer’s: how accurate are they?-default","1","Analysis of: Blood tests are now approved for Alzheimer’s: how accurate are they?","sns_draft_v1","The recent approval of two blood tests by the U.S. Food and Drug Administration (FDA) marks a significant advancement in the diagnosis of Alzheimer’s disease. These tests, designed to assess levels of tau protein and other biomarkers, promise to enhance diagnostic accuracy and accessibility for individuals experiencing cognitive decline. 

The Elecsys pTau181 test, developed by Roche and Eli Lilly, focuses on measuring a specific phosphorylated form of tau protein in blood plasma. According to Roche's press release, the test has demonstrated an impressive accuracy rate of 97.9% for ruling out Alzheimer's disease in a clinical trial involving 312 participants. This high negative predictive value positions the Elecsys test as a critical tool for differentiating Alzheimer’s disease from other causes of cognitive impairment. 

While the Elecsys test is being hailed for its effectiveness in primary-care settings, it is important to contextualize its role within a broader diagnostic framework. Neurologist Ashvini Keshavan emphasized that the absence of comprehensive trial data complicates the full assessment of the test's accuracy. Important factors such as sensitivity, specificity, and positive predictive values remain critical to understand how the test performs across various populations.

Another blood test that gained FDA approval earlier this year, known as Lumipulse, analyzes the ratios of pTau217 and amyloid-β proteins in blood plasma. In trials involving 499 participants, the Lumipulse test achieved a 97% correlation in confirming negative test results with subsequent cerebrospinal fluid assays, as well as a 92% confirmation rate for positive results, which further enhances confidence in its diagnostic potential.

Despite their promise, both tests are not without limitations. Individuals with cognitive symptoms may find themselves in a 'grey zone' regarding test results, requiring additional assessments for conclusive diagnosis. For instance, data from a pTau217 test developed by Quanterix revealed that over 30% of samples fell into this grey categorization, underscoring the necessity for continued diagnostic tools like lumbar punctures and neuroimaging.

The introduction of blood tests for Alzheimer’s could revolutionize diagnostic processes, particularly given that 92% of adults with mild cognitive impairment currently go undiagnosed. Neurologists view these tests as a crucial step towards more accessible and earlier detection of Alzheimer’s, potentially preventing further cognitive decline. Experts agree that these blood tests should complement existing diagnostic strategies rather than replace them.

Keshavan also pointed out the increasing competition among companies developing Alzheimer’s biomarkers, which is promising for future innovation and patient access. As more tests enter the market, they could enhance our ability to predict Alzheimer’s risk and provide clearer diagnostic pathways for individuals with cognitive decline.

In summary, the recent approvals of blood tests for Alzheimer’s disease present a breakthrough in the early detection and diagnosis of this complex condition. While promising, the accuracy of these tests must be fully understood within the context of existing diagnostic measures, emphasizing the ongoing need for research and validation to ensure the best outcomes for patients.","최근 미국 식품의약국(FDA)이 두 가지 혈액 검사를 승인하면서 알츠하이머병 진단에 큰 진전이 이루어졌습니다. 타우 단백질 및 기타 바이오마커의 수치를 평가하도록 설계된 이 검사들은 인지 기능 저하를 경험하는 사람들의 진단 정확도와 접근성을 향상시킬 수 있을 것으로 기대됩니다.

로슈와 일라이 릴리가 개발한 Elecsys pTau181 테스트는 혈장 내 특정 인산화 형태의 타우 단백질을 측정하는 데 중점을 둡니다. Roche의 보도 자료에 따르면 이 테스트는 312명의 참가자를 대상으로 한 임상 시험에서 알츠하이머병을 배제하는 데 97.9%라는 인상적인 정확도를 보였습니다. 이러한 높은 음성 예측값은 알츠하이머병과 다른 인지 장애의 원인을 구별하는 데 중요한 도구로 자리매김하고 있습니다.

Elecsys 테스트는 1차 진료 환경에서 그 효과로 인해 환영받고 있지만, 더 광범위한 진단 프레임워크 내에서 그 역할을 맥락화하는 것이 중요합니다. 신경과 전문의 아쉬비니 케샤반은 종합적인 임상시험 데이터가 없기 때문에 이 검사의 정확성을 완전히 평가하기 어렵다고 강조했습니다. 민감도, 특이도, 양성 예측값과 같은 중요한 요소는 다양한 인구 집단에서 검사가 어떻게 수행되는지 이해하는 데 여전히 중요합니다.

올해 초 FDA 승인을 받은 또 다른 혈액 검사인 Lumipulse는 혈장 내 pTau217과 아밀로이드-β 단백질의 비율을 분석합니다. 499명의 참가자를 대상으로 한 임상시험에서 Lumipulse 검사는 음성 검사 결과와 후속 뇌척수액 분석 결과의 상관관계가 97%, 양성 결과의 확인율이 92%에 달해 진단 가능성에 대한 신뢰도가 더욱 높아졌습니다.

두 검사의 장점에도 불구하고 한계가 없는 것은 아닙니다. 인지 증상이 있는 개인은 검사 결과와 관련하여 '회색 지대'에 속할 수 있으며, 확실한 진단을 위해서는 추가적인 평가가 필요합니다. 예를 들어, 퀀테릭스에서 개발한 pTau217 테스트의 데이터에 따르면 샘플의 30% 이상이 이 회색 범주에 속하는 것으로 나타나 요추 천자 및 신경 영상과 같은 지속적인 진단 도구의 필요성이 강조되었습니다.

특히 경도 인지 장애를 가진 성인의 92%가 현재 진단을 받지 못하고 있다는 점을 감안하면 알츠하이머에 대한 혈액 검사의 도입은 진단 과정에 혁신을 가져올 수 있습니다. 신경과 전문의들은 이러한 검사가 알츠하이머를 보다 쉽게 조기에 발견하여 추가적인 인지 기능 저하를 예방할 수 있는 중요한 단계로 보고 있습니다. 전문가들은 이러한 혈액 검사가 기존의 진단 전략을 대체하기보다는 보완해야 한다는 데 동의합니다.

케샤반은 또한 알츠하이머 바이오마커를 개발하는 회사들 간의 경쟁이 치열해지고 있으며, 이는 향후 혁신과 환자 접근성 측면에서 유망하다고 지적했습니다. 더 많은 테스트가 시장에 출시되면 알츠하이머 위험을 예측하는 능력이 향상되고 인지 기능이 저하된 개인에게 더 명확한 진단 경로를 제공할 수 있습니다.

요약하자면, 최근 승인된 알츠하이머병 혈액 검사는 이 복잡한 질환의 조기 발견과 진단에 획기적인 발전을 가져올 것입니다. 유망하지만, 이러한 검사의 정확성은 기존 진단 방법의 맥락에서 완전히 이해되어야 하며, 환자에게 최상의 결과를 보장하기 위한 지속적인 연구와 검증의 필요성을 강조합니다."
"2","2-Analysis of: Self-Assembly Gets Automated in Reverse of ‘Game of Life’-default","2","Analysis of: Self-Assembly Gets Automated in Reverse of ‘Game of Life’","sns_draft_v1","In recent years, the interplay between biology and computational science has produced intriguing innovations, particularly in the realm of cellular automata (CA). These systems, adhering to simple rules, can generate complex patterns over time. Researchers, particularly Alexander Mordvintsev at Google, have made significant strides in this area with the introduction of neural cellular automata (NCAs), which combine the concepts of traditional cellular automata with deep learning techniques. This innovative approach allows for the reverse-engineering of patterns to determine the underlying rules governing their formation, effectively flipping the classic paradigm exemplified by John Conway's famous Game of Life.

The Game of Life, created in 1970, utilizes binary states (alive or dead) and a strict set of rules to depict how simple interactions can yield complex behavior in a simulated environment. Traditionally, users would input conditions, leading to a predetermined evolution of the cellular structure. Mordvintsev’s work changes this dynamic—he starts with a desired outcome and trains the system to discover the necessary rules that would create that outcome. This method is a manifestation of ""complexity engineering,"" a concept proposed by physicist Stephen Wolfram, allowing for the creation of building blocks that self-assemble into predefined forms.

The implications of NCAs are profound. With NCAs, scientists can not only explore how complex forms and behaviors emerge but also investigate regenerative capabilities that mirror biological processes. For instance, in Mordvintsev's simulations, virtual butterflies can regenerate lost wings, akin to natural phenomena where certain species can regrow limbs. This capability presents potential avenues for medical applications, possibly informing treatments for injuries in humans based on biological principles mirrored in computational models.

Mordvintsev's approach incorporates a neural network that determines the state transitions of cells based on their conditions and those of their neighbors. This system is trained using either backpropagation or genetic algorithms—methods that allow the automaton to learn and adapt its rules autonomously. The introduction of ""hidden"" variables enables the NCA to mimic the more organic processes of cellular development found in living organisms, reinforcing the idea that biological principles can inform computational design.

The research surrounding NCAs has opened up possibilities for new forms of computation that are energy-efficient and inherently parallel. Unlike traditional computing architectures that rely on central processing units with specific memory hierarchies, NCAs exhibit a massively distributed architecture. This configuration allows them to function effectively without extensive communication between distant cells, thereby reducing energy consumption.

Moreover, the adaptability and fault-tolerance of NCAs can inform the development of robotics. Researchers envision the potential for robotic systems to operate in a similarly decentralized manner, much like swarms of insects or biological cells, where simple local interactions lead to complex collective behavior. By combining NCAs with robotics, there's the possibility of creating systems that can learn and adapt in real-time, rendering them more resilient to environmental changes and disruptions.

While the current capabilities of NCAs are promising, experts caution that these systems should not be directly equated with the intricacies of natural evolution. Evolution does not pursue defined objectives; it is far more random and context-dependent. Researchers are exploring the applicability of NCAs as models for evolution, learning, and adaptation, though much remains to be understood about how these computational systems can fully reflect biological processes.

In summary, the advancements in neural cellular automata signify a transformative leap in how we understand self-organization in both biological and computational realms. The dual focus on regenerative capability and decentralized computation presents exciting prospects for the future of technology and biology, highlighting the potential for mutual benefits across disciplines. As research continues to evolve, NCAs may pave the way for breakthroughs in computational efficiency, robotics, and even regenerative medicine, echoing the intricate designs found in nature itself.","최근 몇 년 동안 생물학과 계산 과학의 상호작용은 특히 셀룰러 오토마타(CA)의 영역에서 흥미로운 혁신을 만들어냈습니다. 이러한 시스템은 단순한 규칙을 준수하지만 시간이 지남에 따라 복잡한 패턴을 생성할 수 있습니다. Google의 알렉산더 모르드빈체프(Alexander Mordvintsev)를 비롯한 연구원들은 기존 셀룰러 오토마타의 개념과 딥러닝 기술을 결합한 신경 셀룰러 오토마타(NCA)를 도입하여 이 분야에서 상당한 진전을 이뤄냈습니다. 이 혁신적인 접근 방식을 통해 패턴을 리버스 엔지니어링하여 패턴 형성을 지배하는 기본 규칙을 결정할 수 있으므로, 존 콘웨이의 유명한 게임 오브 라이프에서 예시된 고전적인 패러다임을 효과적으로 뒤집을 수 있습니다.

1970년에 만들어진 게임 오브 라이프는 시뮬레이션 환경에서 단순한 상호작용이 어떻게 복잡한 행동을 만들어내는지 보여주기 위해 이진 상태(살아 있거나 죽어 있음)와 엄격한 규칙을 활용합니다. 기존에는 사용자가 조건을 입력하면 세포 구조가 미리 정해진 방향으로 진화했습니다. 모르드빈체프의 작업은 이러한 역학 관계를 바꾸어 원하는 결과에서 시작하여 시스템이 해당 결과를 생성하는 데 필요한 규칙을 발견하도록 훈련시킵니다. 이 방법은 물리학자 Stephen Wolfram이 제안한 개념인 '복잡성 공학'의 표현으로, 미리 정의된 형태로 스스로 조립되는 빌딩 블록을 생성할 수 있습니다.

NCA의 의미는 매우 깊습니다. 과학자들은 NCA를 통해 복잡한 형태와 행동이 어떻게 나타나는지 탐구할 수 있을 뿐만 아니라 생물학적 과정을 반영하는 재생 능력을 조사할 수도 있습니다. 예를 들어, 모르드빈체프의 시뮬레이션에서 가상의 나비는 특정 종이 팔다리를 다시 자라는 자연 현상과 유사하게 잃어버린 날개를 재생할 수 있습니다. 이러한 기능은 계산 모델에 반영된 생물학적 원리를 기반으로 인간의 부상 치료법을 알려주는 등 의료 분야에 응용할 수 있는 잠재적인 길을 제시합니다.

모르드빈체프의 접근 방식은 세포의 상태와 이웃 세포의 상태에 따라 세포의 상태 전환을 결정하는 신경망을 통합합니다. 이 시스템은 오토마톤이 자율적으로 규칙을 학습하고 적응할 수 있도록 하는 방법인 역전파 또는 유전 알고리즘을 사용하여 학습됩니다. ""숨겨진"" 변수를 도입함으로써 NCA는 생물학적 원리가 계산 설계에 영향을 줄 수 있다는 아이디어를 강화하여 살아있는 유기체에서 발견되는 보다 유기적인 세포 발달 과정을 모방할 수 있습니다.

NCA를 둘러싼 연구는 에너지 효율적이고 본질적으로 병렬적인 새로운 형태의 컴퓨팅에 대한 가능성을 열어주었습니다. 특정 메모리 계층구조를 가진 중앙 처리 장치에 의존하는 기존 컴퓨팅 아키텍처와 달리 NCA는 대규모로 분산된 아키텍처를 보여줍니다. 이러한 구성 덕분에 멀리 떨어진 셀 간의 광범위한 통신 없이도 효과적으로 작동할 수 있어 에너지 소비를 줄일 수 있습니다.

또한 NCA의 적응성과 내결함성은 로보틱스 개발에 도움이 될 수 있습니다. 연구자들은 로봇 시스템이 곤충 떼나 생물학적 세포처럼 분산된 방식으로 작동하여 단순한 국소적 상호 작용이 복잡한 집단 행동으로 이어질 수 있는 잠재력을 상상하고 있습니다. NCA와 로봇 공학을 결합하면 실시간으로 학습하고 적응할 수 있는 시스템을 만들어 환경 변화와 혼란에 더욱 탄력적으로 대응할 수 있습니다.

현재 NCA의 기능은 유망하지만, 전문가들은 이러한 시스템을 자연 진화의 복잡성과 직접적으로 동일시해서는 안 된다고 경고합니다. 진화는 정해진 목표를 추구하는 것이 아니라 훨씬 더 무작위적이고 상황에 따라 달라집니다. 연구자들은 진화, 학습, 적응을 위한 모델로서 NCA의 적용 가능성을 탐구하고 있지만, 이러한 계산 시스템이 생물학적 과정을 완전히 반영할 수 있는 방법에 대해서는 아직 많은 부분이 이해되지 않고 있습니다.

요약하자면, 신경 세포 오토마타의 발전은 생물학적 영역과 계산적 영역 모두에서 자기 조직화를 이해하는 방식에 있어 획기적인 도약을 의미합니다. 재생 능력과 분산형 계산에 대한 두 가지 초점은 기술과 생물학의 미래에 대한 흥미로운 전망을 제시하며, 여러 분야에 걸쳐 상호 이익이 될 수 있는 잠재력을 강조합니다. 연구가 계속 발전함에 따라 NCA는 계산 효율성, 로봇 공학, 심지어 재생 의학의 획기적인 발전을 위한 길을 열어 자연 자체에서 발견되는 복잡한 설계를 반영할 수 있습니다."
"3","3-Analysis of: AI 블로그 SaaS로 2개월만에 엔화를 쓸어가는 창업가-default","3","Analysis of: AI 블로그 SaaS로 2개월만에 엔화를 쓸어가는 창업가","sns_draft_v1","In a notable development within the intersection of artificial intelligence and entrepreneurship, a solo founder from South Korea has made significant strides by creating an AI blogging SaaS (Software as a Service) platform tailored for the Japanese market. This entrepreneur has successfully navigated the challenges of a relatively untapped AI space in Japan, securing contracts with ten companies in just two months since the product launch, with plans to reach a hundred contracts by the end of the year.

The core offering of this SaaS product revolves around automating the process of blog and website creation through the use of WordPress, designed specifically for various Japanese businesses needing promotional support. Industries such as beauty and demolition are among the targeted user base, indicating a diverse applicability of the technology for small and medium enterprises in Japan. The automation aspect of the platform allows the AI to handle article publication, thereby reducing the operational workload on the businesses involved.

Financially, the model is robust, featuring a subscription fee structure with monthly payments exceeding 40,000 yen per client. This pricing strategy positions the SaaS product favorably within a competitive landscape, allowing for sustainable revenue generation in a market where the demand for digital marketing tools is on the rise.

An interview with the founder shed light on the innovative aspects of the business model and the ease of scaling operations. Given that much of the operational effort is offset by the AI's functionality, the founder anticipates a comfortable path to expanding the user base without significantly increasing overhead.

This venture serves as a case study in leveraging AI technology to solve a pressing need in the business landscape, particularly in regions where such solutions have not yet reached maturity. As the e-commerce and digital marketing domains continue to evolve, this Canadian entrepreneur's success story could inspire similar initiatives both within Japan and globally, showcasing the potential of automation in accelerating business growth and enhancing operational efficiencies.","인공지능과 기업가 정신의 교차점에서 주목할 만한 발전을 이룬 한국의 한 개인 창업자가 일본 시장에 맞춘 인공지능 블로그 SaaS(서비스형 소프트웨어) 플랫폼을 만들어 큰 성과를 거두었습니다. 이 창업가는 일본에서 상대적으로 미개척 분야인 AI 분야에서 성공적으로 도전하여 제품 출시 두 달 만에 10개 기업과 계약을 체결했으며, 연말까지 100건의 계약을 달성할 계획입니다.

이 SaaS 제품의 핵심은 홍보 지원이 필요한 다양한 일본 기업을 위해 특별히 설계된 워드프레스를 통한 블로그 및 웹사이트 제작 프로세스의 자동화에 중점을 두고 있습니다. 미용, 철거 등의 산업이 대상 사용자층에 포함되어 있어 일본 내 중소기업이 이 기술을 다양하게 적용할 수 있음을 보여줍니다. 플랫폼의 자동화 측면을 통해 AI가 기사 게시를 처리할 수 있으므로 관련 비즈니스의 운영 업무량을 줄일 수 있습니다.

재정적으로도 이 모델은 고객당 월 4만 엔을 초과하는 구독료 구조를 특징으로 하는 견고한 모델입니다. 이러한 가격 전략은 디지털 마케팅 도구에 대한 수요가 증가하고 있는 시장에서 지속 가능한 수익 창출을 가능하게 하여 경쟁 환경 내에서 유리한 위치를 점할 수 있게 해줍니다.

창업자와의 인터뷰를 통해 비즈니스 모델의 혁신적인 측면과 운영 확장의 용이성에 대해 알아봤습니다. 운영 노력의 상당 부분이 AI의 기능으로 상쇄된다는 점을 감안할 때, 창업자는 오버헤드를 크게 늘리지 않고도 사용자 기반을 확장할 수 있는 편안한 길을 예상하고 있습니다.

이 벤처는 특히 이러한 솔루션이 아직 성숙하지 않은 지역에서 비즈니스 환경의 시급한 요구를 해결하기 위해 AI 기술을 활용하는 사례 연구로 활용되고 있습니다. 이커머스 및 디지털 마케팅 영역이 계속 진화하고 있는 가운데, 이 캐나다 기업가의 성공 사례는 비즈니스 성장을 가속화하고 운영 효율성을 향상시키는 자동화의 잠재력을 보여줌으로써 일본 내 및 전 세계적으로 유사한 이니셔티브에 영감을 줄 수 있습니다."
"4","4-Analysis of: 땅집GO-default","4","Analysis of: 땅집GO","sns_draft_v1","In September 2025, it was confirmed that the landmark building 'The Stone Daechi' in Seoul's academic district of Daechi-dong was purchased by the health supplement company Joyoung NS for approximately 1.059 trillion won. This event marked a significant moment in the real estate market, particularly as the building had previously captured attention during its auction process.

Located in a prime educational zone, The Stone Daechi is strategically positioned across the road from the renowned Eunma Apartment, a key project in the Gangnam area. With a total floor area of approximately 5,590.8 square meters spread over eight stories, the building has become a focal point for prestigious education institutions, including private academic and dormitory facilities operated by the highly regarded 'Sidaein-Jae'.

The financial background of the purchase reveals that Joyoung NS, which boasts a strong reputation reinforced by its advertising campaign featuring popular actor Ji Sung, secured the building with a loan of about 300 billion won against a collateral of 360 billion won, while paying the remaining 750 billion won in cash. This considerable cash transaction underscores the company's robust financial health, as they reported revenues of over 3.021 trillion won and operating profits of 578 billion won in the previous year.

The journey of The Stone Daechi to this sale was fraught with challenges. Initially auctioned in June 2022 with a starting bid exceeding 2.25 trillion won, the property failed to attract buyers over numerous rounds, ultimately facing 26 unsuccessful auction attempts. The initial high valuation may have deterred potential investors, particularly given the structural issues that led to its auction in the first place, namely a builder's inability to repay borrowed funds.

Despite the hurdles, the final private sale underscores the significant potential value attributed to the building by Joyoung NS, which, despite being a distressed asset, was perceived as a worthwhile investment due to its prime tenant relationships with Sidaein-Jae and Gangnam Daesung Academy. Analysts expressed some disappointment with the transaction being below market expectations for such a sought-after property, yet acknowledged the strategic advantage it offers to Joyoung NS in terms of location and tenant quality.

Looking ahead, while the firm did not disclose specific plans for the building, its acquisition reflects the increasing intersection of health and real estate investments in response to evolving market dynamics, particularly as demand for educational services remains strong in the region. Thus, Joyoung NS's strategic move into real estate signals a broader trend where companies seek to diversify their investments, leveraging substantial cash reserves to secure valuable properties like The Stone Daechi.","지난 9월, 서울 대치동 학원가의 랜드마크 건물 '더 스톤 대치'가 건강기능식품 기업 조영엔에스에 약 1조 5,059억 원에 낙찰된 것으로 확인됐습니다. 특히 이 건물은 경매 과정에서 주목을 받았던 만큼 부동산 시장에 큰 획을 그은 사건입니다.

더 스톤 대치는 강남 지역의 핵심 사업지로 꼽히는 은마아파트와 길 건너편에 위치해 교육 명당에 자리 잡고 있습니다. 연면적 약 5,590.8㎡, 지상 8층 규모의 이 건물은 명문 사학 '시인재'가 운영하는 학원 및 기숙사 시설 등 명문 교육 기관의 중심지로 자리매김하고 있습니다.

인수 배경을 보면, 인기 배우 지성을 내세운 광고 캠페인으로 인지도가 높은 조영엔에스가 3,600억 원을 담보로 약 3,000억 원의 대출을 받아 건물을 확보하고 나머지 750억 원은 현금으로 지불한 것으로 드러났습니다. 전년도에 3조 2,021억 원의 매출과 5,780억 원의 영업이익을 기록한 만큼, 이 같은 대규모 현금 거래는 회사의 탄탄한 재무 건전성을 보여줍니다.

더 스톤 대치가 이번 매각에 이르기까지 험난한 여정이었습니다. 2022년 6월, 2조 2,500억 원이 넘는 입찰가로 경매에 부쳐진 이 부동산은 여러 차례에 걸쳐 매수자를 찾지 못해 결국 26번의 경매 유찰을 겪었습니다. 특히 애초에 경매로 이어진 구조적 문제, 즉 건설업체가 차입금을 상환할 수 없다는 점이 잠재적 투자자들의 관심을 끌지 못했을 수 있습니다.

이러한 장애물에도 불구하고 최종 비공개 매각은 부실 자산임에도 불구하고 시대가인재 및 강남 대성학원과의 주요 임차인 관계로 인해 투자 가치가 있는 것으로 인식되었던 조영엔에스 빌딩의 잠재적 가치가 상당하다는 점을 강조합니다. 애널리스트들은 이번 거래가 시장의 기대치를 밑도는 수준이라 다소 실망감을 표했지만, 입지 및 임차인의 질 측면에서 조영엔에스에게 전략적 이점을 제공한다는 점은 인정했습니다.

조영앤에스는 이 건물에 대한 구체적인 계획을 공개하지는 않았지만, 이번 인수는 특히 교육 서비스에 대한 수요가 여전히 강세를 보이고 있는 이 지역의 시장 역학 관계 변화에 따라 의료와 부동산 투자의 교차점 증가를 반영한 것입니다. 따라서 조영NS의 전략적 부동산 진출은 더 스톤 대치와 같은 가치 있는 부동산을 확보하기 위해 상당한 현금 보유를 활용하여 투자를 다각화하려는 기업의 광범위한 트렌드를 보여줍니다."
"5","5-Analysis of: 한겨레-default","5","Analysis of: 한겨레","sns_draft_v1","The article discusses a groundbreaking study from the International Brain Lab, which reveals new insights into how decision-making occurs in the brain. Traditionally, neuroscientists have operated under the assumption that specific regions of the brain actively lead decision-making processes, akin to a hierarchical structure where higher regions process information passed from lower ones. However, recent findings challenge this perspective by demonstrating that the entire brain is involved in decision-making, integrating various neural signals in a collaborative network.

Conducted on 139 mice, researchers employed advanced technology, specifically Neuropixels electrodes, to monitor the activity of 62 million individual neurons across 279 brain regions. This comprehensive approach allowed scientists to observe that, at the moment of decision-making, neurons throughout the brain activate almost simultaneously—analogous to lights illuminating on a Christmas tree. The study's lead researcher, Professor Alexandre Pouget from the University of Geneva, highlighted that this method of mapping neural activity is unprecedented and provides a holistic view of brain function during complex behavior.

During the experiments, mice were trained to respond to visual cues, presented as black-striped circles, by moving a wheel toward the center for a reward (sugar water). As the experiment progressed, visual light cues were gradually dimmed, requiring the mice to rely on their memory of previous stimuli to make decisions. Results indicated activation not only in sensory processing areas but also in regions responsible for motor control and higher cognitive functions. This suggests that the brain operates as a predictive machine, using past experiences stored in various areas to inform current behavior.

The implications of this research are significant, particularly for understanding psychiatric disorders like schizophrenia and autism, where deviations may occur in the brain's ability to adjust expectations based on reality. Researchers believe this work could contribute to identifying the root causes of these conditions by shedding light on differing cognitive processes.

Overall, the study signifies a shift in neuroscience towards a more integrated understanding of brain function, moving away from isolated region analysis to a more collaborative approach. As Kenneth Harris, a professor at UCLA, noted, understanding how various brain regions interconnect will provide critical insights into the complexities of human cognition. Tom Mieses-Phloegel from University College London emphasized the need for international cooperation to address the complexities associated with studying the brain, the most intricate structure known in the universe. 

This research marks a pivotal step in expanding our understanding of cognitive functions and sets the stage for future studies that could reshape how we perceive brain activity and its associated behaviors.","이 글에서는 뇌에서 의사결정이 어떻게 이루어지는지에 대한 새로운 통찰력을 제시하는 국제뇌연구소의 획기적인 연구에 대해 설명합니다. 전통적으로 신경과학자들은 상위 영역이 하위 영역에서 전달받은 정보를 처리하는 계층적 구조처럼 뇌의 특정 영역이 의사 결정 과정을 적극적으로 주도한다는 가정 하에 연구해 왔습니다. 그러나 최근의 연구 결과는 뇌 전체가 의사 결정에 관여하며 다양한 신경 신호를 협업 네트워크에 통합한다는 사실을 입증함으로써 이러한 관점에 도전하고 있습니다.

139마리의 생쥐를 대상으로 실시한 이 연구에서 연구진은 첨단 기술, 특히 뉴로픽셀 전극을 사용하여 279개 뇌 영역에 걸쳐 6200만 개의 개별 뉴런의 활동을 모니터링했습니다. 이러한 포괄적인 접근 방식을 통해 과학자들은 의사 결정의 순간에 뇌 전체의 뉴런이 거의 동시에 활성화되는 것을 관찰할 수 있었는데, 이는 크리스마스 트리에 불이 켜지는 것과 유사합니다. 이 연구의 수석 연구자인 제네바 대학의 알렉산드르 푸제 교수는 이러한 신경 활동 매핑 방법은 전례가 없는 것으로, 복잡한 행동 중 뇌 기능에 대한 전체적인 관점을 제공한다고 강조했습니다.

실험 동안 쥐는 검은 줄무늬 원으로 표시된 시각적 신호에 반응하여 중앙을 향해 바퀴를 움직여 보상(설탕물)을 받도록 훈련받았습니다. 실험이 진행됨에 따라 시각적 빛의 단서가 점차 희미해지면서 쥐는 이전 자극에 대한 기억에 의존하여 결정을 내려야 했습니다. 그 결과 감각 처리 영역뿐만 아니라 운동 제어 및 고등 인지 기능을 담당하는 영역도 활성화된 것으로 나타났습니다. 이는 뇌가 예측 기계처럼 작동하여 다양한 영역에 저장된 과거 경험을 사용하여 현재 행동에 정보를 제공한다는 것을 시사합니다.

이 연구의 의미는 특히 현실에 따라 기대치를 조정하는 뇌의 능력에 편차가 발생할 수 있는 조현병이나 자폐증과 같은 정신과적 장애를 이해하는 데 중요한 의미를 갖습니다. 연구자들은 이 연구가 다양한 인지 과정을 조명함으로써 이러한 질환의 근본 원인을 규명하는 데 기여할 수 있을 것으로 기대하고 있습니다.

전반적으로 이 연구는 신경과학이 고립된 영역 분석에서 보다 협력적인 접근 방식으로 전환하여 뇌 기능에 대한 보다 통합적인 이해로 나아가고 있음을 의미합니다. UCLA의 케네스 해리스 교수는 다양한 뇌 영역이 어떻게 상호 연결되는지 이해하면 인간 인지의 복잡성에 대한 중요한 통찰력을 얻을 수 있다고 지적했습니다. 유니버시티 칼리지 런던의 톰 미세스-플로에겔은 우주에서 가장 복잡한 구조로 알려진 뇌 연구와 관련된 복잡성을 해결하기 위해 국제적인 협력이 필요하다고 강조했습니다.

이 연구는 인지 기능에 대한 이해를 넓히는 데 있어 중요한 단계이며, 뇌 활동과 관련 행동을 인식하는 방식을 바꿀 수 있는 미래 연구의 발판을 마련했습니다."
